landscapeCategory,botanicalName,commonName,family,isNative,size,growthRate,lightRequirements,waterNeeds,usdaZone,hardyTo,flowerInfo,fruitInfo,notes
,Agave attenuata,Foxtail Agave,Asparagaceae,No (Mexico),"2-5 ft tall, 3-8 ft wide",Fast (for an agave),Full sun to partial shade,Low (drought tolerant),Zone 9-12,28°F to 35°F,"Huge recurving yellow-green stalk (Foxtail-like), blooms once (10-25 yrs)",Seed pods; also produces bulbils (plantlets) on stalk,Spineless leaves; rosette dies after flowering but leaves offsets.
,Agave univittata 'Quadricolor',Quadricolor Agave,Asparagaceae,No (Mexico/Texas),"1-2 ft tall, 1-3 ft wide",Slow to Moderate,Full sun to bright filtered light,Low,Zone 8-11,10°F to 15°F,Tall stalk (12-20 ft) with greenish-yellow clusters; monocarpic,Produces seeds; offsets (pups) at base,Formerly Agave lophantha; variegated foliage.
,Agave univittata 'Quadricolor',Thorncrest Century Plant,Asparagaceae,No (Mexico/Texas),"1-2 ft tall, 1-3 ft wide",Slow to Moderate,Full sun to bright filtered light,Low,Zone 8-11,10°F to 15°F,Tall stalk (12-20 ft) with greenish-yellow clusters; monocarpic,Produces seeds; offsets (pups) at base,Formerly Agave lophantha; variegated foliage.
,Agave ocahui,Ocahui Agave,Asparagaceae,No (Mexico),"1.5-3 ft tall, 2-4 ft wide",Slow,Full sun,Low to Very Low,Zone 8b-11,10°F to 20°F,Unbranched yellow/green spike (8-15 ft); monocarpic,Small ovoid red to yellow-brown capsules,Symmetrical rosette of narrow dark green leaves.
,Agave parryi,Parry's Agave,Asparagaceae,Yes (SW USA & Mexico),"1-3 ft tall, 1-4 ft wide",Slow,Full sun,Low,Zone 5-10,-20°F (dry) to -5°F,Stalk (10-20 ft) with red buds and golden-yellow flowers,Ovoid/oblong seed capsules (2.5-5 cm),Artichoke-like rosette; extremely cold hardy.
,Agave toumeyana,Toumey's Agave,Asparagaceae,Yes (Arizona endemic),"10-20 in tall, 12-24 in wide",Slow,Full sun to partial shade,Low,Zone 7a-10b,10°F to 30°F,Slender spike (4-10 ft) with pale yellow/green flowers,Capsule fruits with numerous seeds,Miniature century plant; endemic to Arizona.
,Agave utahensis var. nevadensis,Utah Agave,Asparagaceae,Yes (CA & NV),"6-12 in tall, 10-12 in wide",Slow,Full sun to light shade,Low (drought tolerant),Zone 6a-10b,-10°F to 0°F (when dry),Tall stalk (6-12 ft) with light yellow bulbous clusters; monocarpic,Oblong/ovoid capsules with black seeds,Extremely cold hardy desert agave; Clark Mountain Agave.
,Agave x leopoldii,Leopold's Agave,Asparagaceae,No (Hybrid),8-12 in tall and wide,Moderate to Slow,Full sun to partial shade,Low (drought tolerant),Zone 8b-11,15°F to 20°F,Tall spike with yellow/greenish flowers; monocarpic,Capsule-like fruits with seeds,Miniature hybrid (A. filifera x A. schidigera); curly white threads on leaves.
,Arctostaphylos hookeri,Monterey Manzanita 'Wayside',Ericaceae,Yes (CA endemic),"1-3 ft high, can spread 6-10 ft",Slow (some cultivars moderate),Full sun to partial shade,Low (drought tolerant),Zone 8-10,0°F to 15°F,White to pink urn-shaped flowers in terminal clusters,"Red glossy spherical drupe (berry), ~1cm wide",Hooker's Manzanita; smooth reddish-brown bark.
,Cholla spp.,Cholla,Cactaceae,Yes (SW USA & Mexico),30 in to 13 ft depending on species,Slow (3-5 in per year),Full sun (6+ hours),Low,Zone 8-11 (some to 5),5°F to 20°F depending on species,"Cup-shaped flowers; yellow, pink, purple, or red","Spiny fruits, often green to yellow, persistent",Segmented cylindrical stems with barbed spines.
,Cylindropuntia spp.,Pencil Cholla,Cactaceae,Yes (SW USA & Mexico),3-10 ft depending on species,Slow (3-5 in per year),Full sun,Low,Zone 8-11 (some to 5),5°F to 25°F depending on species,"Small flowers; greenish-yellow, orange, or bronze",Fleshy or dry berries; some persistent and red (Christmas Cholla),"Pencil Chollas; includes C. ramosissima, C. arbuscula, C. leptocaulis."
,Dasylirion longissimum,Mexican Grass Tree,Asparagaceae,No (Mexico),"4-10 ft tall, 4-6 ft wide",Slow to Moderate,Full sun,Low (highly drought tolerant),Zone 8-11,15°F,Tall showy spike (6-15 ft) with white/tan flowers,3-winged fruits in autumn (female plants),Mexican Grass Tree; long toothless grass-like leaves.
,Dasylirion wheeleri,Desert Spoon,Asparagaceae,Yes (SW USA & Mexico),3-5 ft tall and wide,Moderate to Slow,Full sun,Low,Zone 8-11,10°F to 15°F,Dramatic 10-15 ft stalk; straw-colored flowers,Small oval dry capsules,Desert Spoon; blue-gray leaves with spiny margins.
,Furcraea foetida,Mauritius Hemp,Asparagaceae,No (Caribbean/S America),4-6 ft tall and wide,Fast,Full sun to partial shade,Low,Zone 9-11,25°F to 30°F,Strongly scented creamy-white flowers on 20-25 ft stalk,Produces bulblets (pups) on inflorescence,Mauritius Hemp; large sword-shaped leaves.
,Hesperaloe funifera,Giant Hesperaloe,Asparagaceae,Yes (TX & Mexico),6 ft tall and wide,Slow to Moderate,Full sun,Low,Zone 6-11,0°F to 5°F,Erect stalks (8-15 ft) with creamy white bell flowers,Woody green/brown capsules,Giant Hesperaloe; stiff upright sword-like leaves.
,Hesperaloe parviflora,Red Yucca,Asparagaceae,Yes (TX & Mexico),"3-4 ft tall, 4-6 ft wide",Slow to Moderate,Full sun,Low,Zone 5-11,-20°F,Red to salmon tubular flowers on 4-8 ft stalks,Woody capsules with flat black seeds,Red Yucca (not a true yucca); very popular and tough.
,Hesperaloe parviflora,Yellow Yucca,Asparagaceae,Yes (TX & Mexico),"3-4 ft tall, 4-6 ft wide",Slow to Moderate,Full sun,Low,Zone 5-11,-20°F,Red to salmon tubular flowers on 4-8 ft stalks,Woody capsules with flat black seeds,Red Yucca (not a true yucca); very popular and tough.
,Hesperoyucca whipplei,Chaparral Yucca,Asparagaceae,Yes (CA & Baja CA),"2 ft tall, 4 ft wide (rosette)",Slow,Full sun,Low,Zone 7-11,10°F,Massive 10-15 ft stalk with hundreds of fragrant white bells,Dry winged capsules,Our Lord's Candle; monocarpic (dies after blooming).
,Heteromeles arbutifolia,Toyon,Rosaceae,Yes (CA & OR),6-10 ft tall (can reach 30 ft),Moderate to Fast,Full sun to partial shade,Low,Zone 7-10,0°F to 10°F,Creamy white clusters in late spring,Bright red berries (fall/winter); attractive to birds,Toyon or Christmas Berry; California Holly.
,Kniphofia uvaria,Red Hot Poker,Asphodelaceae,No (South Africa),"3-4 ft tall, 2-3 ft wide",Moderate to Fast,Full sun,Moderate,Zone 5-10,-10°F,Red and yellow 'poker' spikes,N/A,Red Hot Poker; attracts hummingbirds.
,Monardella villosa,Coyote Mint,Lamiaceae,Yes (CA & OR),"1-2 ft tall, 2-3 ft wide",Moderate,Full sun to partial shade,Low,Zone 6-10,15°F,Rounded clusters of lavender/pink flowers,Nutlets,"Coyote Mint; aromatic foliage, attracts butterflies."
,Opuntia ficus-indica,Prickly Pear,Cactaceae,No (Mexico),"15-20 ft tall, 15 ft wide",Moderate to Fast,Full sun,Low,Zone 9-12,20°F to 25°F,Conspicuous cup-shaped yellow or orange flowers,Edible 'tunas'; oblong berries ripening to yellow/red/purple,Indian Fig Opuntia; widely cultivated for edible pads (nopales) and fruit.
,Opuntia spp.,Opuntia spp.,Cactaceae,Yes (Americas),3-20 ft tall depending on species,Fast,Full sun,Low,Zone 3b-11b,-30°F to 20°F depending on species,"Large solitary flowers in yellow, orange, red, or purple",Oval fleshy berries (tunas); edible,Prickly Pear genus; very diverse and cold-tolerant.
,Tephrocactus articulatus,Pine Cone Cactus,Cactaceae,No (Argentina),1-2 ft tall (bushy),Slow,Full sun,Low,Zone 8b-10b,15°F to 20°F,Bell-shaped white to light pink flowers (rare in cultivation),Brown spherical fruits,Paper Spine Cactus or Pine Cone Cactus; segment-like stems.
,Yucca filamentosa,Adam's Needle,Asparagaceae,Yes (SE USA),"2-3 ft (rosette), 3-10 ft (flower stalk)",Moderate,Full sun,Low,Zone 4-12,-20°F,Showy creamy-white bells on tall erect panicles,Cylindrical capsules with black seeds,Adam's Needle; thread-like filaments on leaf margins.
,Yucca recurvifolia,Curve-Leaf Yucca,Asparagaceae,Yes (SE USA),6-10 ft tall and wide,Moderate to Fast,Full sun to partial shade,Low,Zone 7-11,0°F to 10°F,Creamy-white drooping bells on tall spikes,Fleshy elongated capsules,Curve-Leaf Yucca; leaves bend downwards gracefully.
,Yucca rupicola,Twistleaf Yucca,Asparagaceae,Yes (TX & Mexico),"2 ft (rosette), 5-6 ft (flower stalk)",Slow,Full sun to partial shade,Low,Zone 7a-11,0°F,Pendant white/greenish bells on tall stalks,Dry capsules up to 6 cm long,Twistleaf Yucca; bright green leaves that twist with age.
,Acer circinatum,Vine Maple,Sapindaceae,Yes (NW North America),"10-25 ft tall, 15-20 ft wide",Medium,Full sun to deep shade,Medium (prefers moist soil),Zone 4-7,-10°F,Small red/white clusters in spring,Bright red winged samaras (fall),"Vine Maple; sprawling habit in shade, beautiful fall color."
,Acer glabrum var. torreyi,Rocky Mountain Maple,Sapindaceae,Yes (Northern California),"6-20 ft tall, 10-15 ft wide",Slow to Moderate,Full sun to mostly shade,Regular to Low,Zone 5a-9b,0°F,Yellowish-green small clusters in spring,"Winged samaras; initially green, fading to red",Torrey Maple; found in rocky montane slopes.
,Acer macrophyllum,Big Leaf Maple,Sapindaceae,Yes (West Coast N America),40-75 ft tall and wide,Fast (when young),Full sun to part shade,Medium,Zone 6-7 (to 10a),-10°F to 0°F,Fragrant greenish-yellow pendulous clusters,Large double samaras; green turning tan,"Bigleaf Maple; largest maple in N America, massive leaves."
,Aesculus californica,California Buckeye,Sapindaceae,Yes (California endemic),"12-30 ft tall, 15-40 ft wide",Moderate to Fast,Full sun to part shade,Low (drought tolerant),Zone 7-8,0°F,Showy fragrant white/pink erect panicles,Smooth pear-shaped capsules with large shiny seeds,California Buckeye; drops leaves early in summer to survive drought.
,Anemopsis californica,Yerba Mansa,Saururaceae,Yes (SW North America),"4-30 in tall, 2-3 ft wide (forms colonies)",Fast (spreading),Full sun to partial shade,High (wet/alkaline soil),Zone 6-10,-20°F,Whitish spikes surrounded by large white bracts,Small capsules; seeds edible,"Yerba Mansa; medicinal properties, aromatic roots."
,Aquilegia formosa,Western Columbine,Ranunculaceae,Yes (Western N America),"2-3 ft tall, 1-2 ft wide",Fast,Full sun to partial shade,Medium (prefers moist soil),Zone 3-7,10°F,Pendent red and yellow spurred flowers,Follicles; seeds are toxic,Western Columbine; attracts hummingbirds and butterflies.
,Arbutus menziesii,Madrone,Ericaceae,Yes (West Coast N America),"20-80 ft tall, 15-75 ft wide",Medium (slow at first),Full sun to partial shade,Low (drought tolerant),Zone 7-8,-10°F,Small white urn-shaped clusters in spring,Orange-red berries (drupes); edible but bland,Pacific Madrone; striking peeling reddish-orange bark.
,Arctostaphylos densiflora 'Sentinel',Sentinel' Manzanita,Ericaceae,Yes (California native selection),"6-8 ft tall, 6 ft wide",Moderate to Fast,Full sun,Low,Zone 8-10,15°F,Clusters of pink-to-white urn-shaped flowers,Small red-brown berries,"Sentinel Manzanita; upright habit, dark bark."
,Arctostaphylos 'Lester Rountree',Lester Rountree Manzanita,Ericaceae,Yes (California selection),"6-10 ft tall, 8-10 ft wide",Slow,Full sun,Low,Zone 8-10,15°F,Showy deep magenta-pink urn-shaped flowers,Large fleshy red berries,Lester Rountree Manzanita; beautiful hybrid with early bloom.
,Arctostaphylos uva-ursi,Point Reyes' Bearberry,Ericaceae,Yes (Circumboreal),"6-12 in tall, 6-15 ft wide",Slow,Full sun to partial shade,Low to Moderate,Zone 2-7,10°F,White to pink bell-shaped flowers,Bright red drupes; persistent,Bearberry or Kinnikinnick; excellent groundcover.
,Arctostaphylos x,Manzanita 'Emerald Carpet',Ericaceae,Yes (California hybrid),"10-16 in tall, 3-6 ft wide",Slow to Moderate,Full sun to partial shade,Low (drought tolerant),Zone 8-10,15°F,Small white clusters in winter/spring,Small red berries,Emerald Carpet Manzanita; popular low groundcover.
,Artemisia californica,Coastal Sagebrush,Asteraceae,Yes (California coast/foothills),"3-6 ft tall, 4-7 ft wide",Fast,Full sun,Low (prefers none in summer),Zone 7-10,15°F,Small yellowish inconspicuous clusters,Resinous achenes,California Sagebrush; highly aromatic 'Cowboy Cologne'.
,Asclepias eriocarpa,Woolypod Milkweed,Apocynaceae,"Yes (CA, NV, Baja CA)","1-3 ft tall, 1 ft wide",Moderate,Full sun,Low,Zone 6-10,0°F,Large umbel-like white to cream/pink clusters,Large woolly seed pods (follicles),Woollypod Milkweed; host for Monarch butterflies.
,Asclepias fascicularis,Narrowleaf Milkweed,Apocynaceae,Yes (Western USA),"1-3 ft tall, 2-3 ft wide",Moderate,Full sun to partial shade,Low (prefers seasonal moisture),Zone 6-10,0°F,Clusters of lavender/white/greenish flowers,Smooth slender seed pods,Narrowleaf Milkweed; critical Monarch host plant.
,Atriplex canescens,Fourwing Saltbush,Amaranthaceae,Yes (Western USA & Mexico),2-6 ft tall and wide,Medium to Fast,Full sun,Low (drought tolerant),Zone 3-9,-20°F,Yellow to red spikes; dioecious,Distinctive four-winged fruits,"Fourwing Saltbush; extremely tough, handles salty soil."
,Baccharis pilularis 'Pigeon Point',Coyote Bush 'Pigeon Point',Asteraceae,Yes (California selection),"1-2 ft tall, 6-12 ft wide",Moderate to Fast,Full sun to partial shade,Low,Zone 7-10,15°F,"Creamy white clusters (male, no seeds)",None (male cultivar),Pigeon Point Coyote Brush; low-growing groundcover.
,Calocedrus decurrens,Incense Cedar,Cupressaceae,Yes (Western N America),"70-130 ft tall, 15-30 ft wide",Slow to Moderate,Full sun to partial shade,Low to Moderate,Zone 5-8,-10°F,Small yellow/green cones,Small winged seeds in oblong cones,"Incense Cedar; aromatic wood, used for pencils."
,Calycanthus occidentalis,Spice Bush,Calycanthaceae,Yes (California endemic),6-12 ft tall and wide,Moderate to Fast,Full sun to part shade,Medium (prefers moisture),Zone 6-9,0°F,Dark red waterlily-like flowers,Elliptical dry capsules,Western Sweetshrub; spicy fragrance when leaves are crushed.
,Carex barbarae,Santa Barbara Sedge,Cyperaceae,Yes (CA & OR),"2-3 ft tall, 3 ft wide",Fast,Full sun to partial shade,Moderate to High,Zone 7-10,15°F,Drooping clusters of brown spikes,Achenes in perigynia,Santa Barbara Sedge; used in basketry by indigenous peoples.
,Ceanothus 'Blue Jeans',Ceanothus 'Blue Jeans',Rhamnaceae,Yes (California hybrid),"4-7 ft tall, 4-10 ft wide",Fast,Full sun,Low,Zone 7-10,0°F,Clusters of tiny amethyst-blue flowers,Small capsules,"Blue Jeans California Lilac; prickly foliage, tough."
,Ceanothus crassifolius,Hoaryleaf Ceanothus,Rhamnaceae,Yes (Southern California),"5-14 ft tall, 5-10 ft wide",Slow,Full sun to partial shade,Very Low,Zone 8-10,12°F,Rounded clusters of white flowers,Small horned capsules,Hoaryleaf Ceanothus; leathery thick leaves.
,Ceanothus gloriosus var. exalatus,Emily's Hallelujah Bush 'Emily Brown',Rhamnaceae,Yes (California coast selection),"2-4 ft tall, 8-12 ft wide",Fast,Full sun to partial shade,Low,Zone 7-10,15°F,Deep violet-blue clusters,Small capsules,Emily Brown California Lilac; holly-like leaves.
,Ceanothus hearstiorum,Ceanothus 'Hearst',Rhamnaceae,"Yes (San Luis Obispo, CA endemic)","1 ft tall, 3-8 ft wide",Moderate,Full sun to part shade,Low,Zone 9-10,15°F,Tiny lavender-blue flowers,Small capsules,Hearst Ranch Buckbrush; rare endemic prostrate species.
,Ceanothus integerrimus,Deerbrush Ceanothus,Rhamnaceae,Yes (Western USA),"3-10 ft tall, 6-15 ft wide",Moderate,Full sun to light shade,Low,Zone 7-10,-10°F,Large clusters of frothy white or blue flowers,Small sticky horned capsules,"Deer Brush; deciduous, important for wildlife browse."
,Ceanothus thyrsiflorus,Ceanothus 'Frosty Blue,Rhamnaceae,Yes (CA & OR),"3-5 ft tall and wide (Skylark), up to 20 ft (Species)",Slow (Skylark) to Fast (Species),Full sun to partial shade,Low (drought tolerant),Zone 7-10,5°F,Long-blooming dark blue clusters,Small capsules; seeds eaten by birds,"Skylark/Frosty Blue; evergreen, salt spray tolerant."
,Ceanothus thyrsiflorus,Ceanothus 'Skylark',Rhamnaceae,Yes (CA & OR),"3-5 ft tall and wide (Skylark), up to 20 ft (Species)",Slow (Skylark) to Fast (Species),Full sun to partial shade,Low (drought tolerant),Zone 7-10,5°F,Long-blooming dark blue clusters,Small capsules; seeds eaten by birds,"Skylark/Frosty Blue; evergreen, salt spray tolerant."
,Cercocarpus betuloides,Mountain Mahogany,Rosaceae,Yes (Western USA),"8-20 ft tall, 10-12 ft wide",Moderate to Fast,Full sun to partial shade,Low,Zone 6-10,-20°F,Small clustered white or yellowish flowers,Silvery plumelike feathery seeds (styles),"Mountain Mahogany; nitrogen-fixing, silver bark."
,Clematis ligusticifolia,Western Clematis,Ranunculaceae,Yes (Western N America),3-30 ft long (climbing vine),Moderate to Fast,Full sun to part shade,Medium,Zone 3-9,-10°F,Fragrant creamy-white clusters,Silky feathery seedheads (Old-man's Beard),"Western White Clematis; dioecious, toxic if eaten."
,Cornus sericea,Red Twig Dogwood,Cornaceae,Yes (Most of N America),"6-9 ft tall, 7-12 ft wide",Fast,Full sun to part shade,Medium to High (prefers moist),Zone 2-9,-35°F,Small dull white flat-topped clusters,Globose white berries; important for wildlife,Red-osier Dogwood; vibrant red stems in winter.
,Corylus cornuta var. californica,Western Hazelnut,Betulaceae,Yes (West Coast N America),"5-15 ft tall, 10-20 ft wide",Medium to Fast,Full sun to part shade (tolerates full shade),Medium (prefers moist),Zone 4-8,-50°F,Pendent male catkins (winter); small red female flowers,Edible nuts in beaked papery husks,"California Hazelnut; velvety leaves, golden fall color."
,Cupressus macrocarpa,Monterey Cypress,Cupressaceae,Yes (CA endemic),"40-70 ft tall, 20-80 ft wide",Fast (when young),Full sun,Regular to Low (once established),Zone 7-10,5°F to 10°F,Insignificant male/female cones,Woody round seed cones (1-1.5 in),"Monterey Cypress; wind-sculpted crown, salt tolerant."
,Dudleya brittonii,Giant Chalk Dudleya,Crassulaceae,No (Baja CA endemic),"12-18 in wide rosette, up to 2 ft tall",Slow,Full sun to partial shade,"Low (winter grower, dry summer)",Zone 9-12,15°F,Clusters of pale yellow bells on tall stalks,Produces fine seeds,Giant Chalk Dudleya; heavy white powdery coating (farina).
,Dudleya farinosa,Powdery Live-Forever,Crassulaceae,Yes (CA & OR coast),"4-10 in wide rosettes, forming clumps",Slow to Moderate,Full sun to part shade,Low (very dry in summer),Zone 9-11,20°F,Pale to bright yellow flowers on red stalks,Dry follicles with fine seeds,"Powdery Liveforever; sea-cliff specialist, salt tolerant."
,Dudleya palmeri,Palmers Live-Forever,Crassulaceae,Yes (CA coast endemic),"4-8 in tall, 6-12 in wide",Slow to Moderate,Full sun to part shade,Low (dry summer),Zone 9a-11,32°F,Yellow to red pointed flowers on tall stems,Fine seeds,Palmer's Liveforever; lance-shaped green/pink leaves.
,Leymus condensatus,Wild Rye 'Canyon Prince',Poaceae,Yes (Western USA),"2-3 ft tall, 3-4 ft wide",Slow to Moderate,Full sun,Low,Zone 7-10,10°F,Rare dense spikes of light green flowers,Seeds eaten by birds,Canyon Prince Wild Rye; striking blue-grey evergreen grass.
,Epilobium canum,California Fuschia 'Calistoga',Onagraceae,Yes (Western N America),"1-3 ft tall, 2-5 ft wide",Fast,Full sun to part shade,Low (drought tolerant),Zone 7-11,0°F to 10°F,Bright scarlet tubular 'hummingbird' flowers,Narrow pods with feathery seeds,"California Fuchsia; blooms late summer/fall, hummingbird magnet."
,Epilobium canum,California Fuschia 'Chaparral Silver',Onagraceae,Yes (Western N America),"1-3 ft tall, 2-5 ft wide",Fast,Full sun to part shade,Low (drought tolerant),Zone 7-11,0°F to 10°F,Bright scarlet tubular 'hummingbird' flowers,Narrow pods with feathery seeds,"California Fuchsia; blooms late summer/fall, hummingbird magnet."
,Eriogonum fasciculatum,California Buckwheat,Polygonaceae,Yes (SW USA & Mexico),"1-6 ft tall, 1-8 ft wide",Slow to Fast (variable),Full sun,Low (very drought tolerant),Zone 7-11,15°F,Dense flat-topped clusters of white/pink flowers,Small dry achenes,California Buckwheat; keystone species for pollinators/honey.
,Eriogonum fasciculatum,California Buckwheat 'Warriner Lytle',Polygonaceae,Yes (SW USA & Mexico),"1-6 ft tall, 1-8 ft wide",Slow to Fast (variable),Full sun,Low (very drought tolerant),Zone 7-11,15°F,Dense flat-topped clusters of white/pink flowers,Small dry achenes,California Buckwheat; keystone species for pollinators/honey.
,Eriogonum grande var. rubescens,Red Buckwheat,Polygonaceae,Yes (CA Channel Islands endemic),"6-18 in tall, 2-3 ft wide",Fast,Full sun to part shade,Low,Zone 8-10,15°F,Vibrant rosy-pink pom-pom clusters,Small seeds,"Red Buckwheat; rare in wild, popular in gardens."
,Fallugia paradoxa,Apache Plume,Rosaceae,Yes (SW USA & Mexico),2-6 ft tall and wide,Moderate to Fast,Full sun,Low,Zone 5-10,-30°F,Saucer-shaped white flowers with yellow centers,Feathery pinkish-white plumes (styles); very ornamental,Apache Plume; unique fruit clusters resemble headdresses.
,Festuca californica,California Fescue,Poaceae,Yes (CA & OR),1.5-4.5 ft tall and wide,Moderate to Fast,Full sun to part shade,Low,Zone 4-11,-30°F,Yellowish/violet airy sprays on tall stalks,Caryopses,California Fescue; blue-green fountain-like mounds.
,Festuca rubra,Red Fescue 'Patricks Point',Poaceae,Yes (Northern Hemisphere),"4-20 in tall, 1-2 ft wide",Fast,Full sun to part shade,Regular to Low,Zone 3-10,-30°F,Greenish flowers with red-violet borders,Brown oval-elliptic seeds,Red Fescue; shade-tolerant lawn grass or groundcover.
,Fragaria vesca,Woodland Strawberry,Rosaceae,Yes (Northern Hemisphere),"3-9 in tall, spreads indefinitely",Fast (once established),Full sun to part shade (tolerates full shade),Medium,Zone 3-9,-20°F,Small 5-petaled white flowers with yellow centers,Small fragrant delicious red strawberries,"Woodland Strawberry; spreads by runners, edible fruit."
,Frangula californica,California Coffeeberry 'Eve Case',Rhamnaceae,Yes (Western N America),3-12 ft tall and wide,Moderate,Full sun to part shade,Low to Moderate,Zone 7-10,5°F,Small greenish clusters (May-July),Berries; green to red then purple-black,California Coffeeberry; seeds resemble coffee beans.
,Frangula californica,Coffeeberry 'Mound San Bruno',Rhamnaceae,Yes (Western N America),3-12 ft tall and wide,Moderate,Full sun to part shade,Low to Moderate,Zone 7-10,5°F,Small greenish clusters (May-July),Berries; green to red then purple-black,California Coffeeberry; seeds resemble coffee beans.
,Fremontodendron californicum,Flannelbush 'California Glory',Malvaceae,"Yes (CA, AZ, Baja CA)","8-18 ft tall, 6-10 ft wide",Medium to Fast,Full sun to semi-shade,Very Low (no summer water once established),Zone 9-11,5°F,Large showy yellow flowers (up to 2.25 in),Bristly capsules,California Flannelbush; fuzzy leaves can be skin irritants.
,Fremontodendron californicum,Flannelbush 'San Gabriel',Malvaceae,"Yes (CA, AZ, Baja CA)","8-18 ft tall, 6-10 ft wide",Medium to Fast,Full sun to semi-shade,Very Low (no summer water once established),Zone 9-11,5°F,Large showy yellow flowers (up to 2.25 in),Bristly capsules,California Flannelbush; fuzzy leaves can be skin irritants.
,Garrya elliptica,Coast Silktassel,Garryaceae,Yes (CA & OR coast),7-16 ft tall and wide,Moderate,Full sun to part shade,Low,Zone 8-11,15°F,Long silvery-grey pendulous catkins (winter),Dark purple grape-like clusters (female),Coast Silk-tassel; beautiful winter display.
,Garrya fremontii,Freemont Silktassel,Garryaceae,Yes (West Coast USA),"10-15 ft tall, 8-10 ft wide",Moderate,Full sun to part shade,Low,Zone 6-10,-10°F,Yellowish to pinkish hanging catkins,Spherical berries; green to pink to purple,Fremont's Silktassel; found in mountain forests.
,Helenium puberulum,Sneezeweed,Asteraceae,Yes (CA & Baja CA),2-5 ft tall,Moderate,Full sun,Moderate to High (prefers moist habitats),Zone 7-10,15°F,Spherical yellow/brown heads with small rays,Hairy achenes,Rosilla; thrives near riverbanks and meadows.
,Iris 'Pacific Coast Hybrid',Pacific Coast Hybrid Iris,Iridaceae,"Yes (CA, OR, WA native parentage)","6-24 in tall, 1-2 ft wide",Moderate,Full sun (coast) to part shade (inland),Low (dry summer dormant),Zone 8-10,5°F to 10°F,Dazzling ruffled petals in many colors,N/A,Pacific Coast Iris; wide range of flower patterns.
,Leucanthemum x superbum,Shasta Daisy,Asteraceae,No (Hybrid),"2-3 ft tall, 1-2 ft wide",Fast,Full sun to partial shade,Medium,Zone 5-9,-20°F,Classic white petals around a yellow disc,Unattractive achenes,Shasta Daisy; created by Luther Burbank.
,Lonicera hispidula var. vacillans,Pink Honeysuckle,Caprifoliaceae,Yes (West Coast N America),3-20 ft (climbing/twining),Moderate,Full sun to shade,Low to Medium,Zone 5-10,-20°F,Tubular pink blossoms in spring/summer,Small decorative red berries (fall),Pink Honeysuckle; attracts hummingbirds and bees.
,Mimulus aurantiacus,Golden Sticky Monkeyflower,Phrymaceae,Yes (CA & OR),2-4 ft tall and wide,Moderate,Full sun to part shade,Low (drought tolerant),Zone 7-10,15°F,Tubular orange/red/white flowers,Small capsules,Sticky Monkey-flower; foliage is noticeably sticky.
,Mimulus cardinalis,Scarlet Monkeyflower,Phrymaceae,Yes (Western N America),1-3 ft tall and wide,Fast,Part shade to full sun (if wet),High (prefers moist to wet),Zone 6-10,0°F,Brilliant scarlet tubular flowers,Small capsules,Scarlet Monkeyflower; hummingbird favorite.
,Monardella villosa,Coyote Mint,Lamiaceae,Yes (CA & OR),"1-2 ft tall, 2-3 ft wide",Moderate,Full sun to partial shade,Low,Zone 6-10,15°F,Rounded clusters of lavender/pink flowers,Nutlets,"Coyote Mint; aromatic foliage, attracts butterflies."
,Muhlenbergia rigens,Deer Grass,Poaceae,Yes (SW USA & Mexico),3-5 ft tall and wide,Fast (1-2 seasons to mature),Full sun to light shade,Low,Zone 6-10,-5°F,Narrow purple to yellow flower spikes,Caryopsis (edible grains),Deergrass; foundational bunchgrass for landscaping.
,Morella californica,Pacific Wax Myrtle,Myricaceae,Yes (West Coast N America),10-30 ft tall and wide,Medium to Fast,Full sun to part shade,Moderate,Zone 7-9,0°F,Inconspicuous greenish spikes,Small warty purple/black berries with white wax,Formerly Myrica californica; Pacific Wax Myrtle.
,Penstemon centranthifolius,Penstemon,Plantaginaceae,Yes (CA & Baja CA),"1-4 ft tall, 1-1.5 ft wide",Fast,Full sun to partial shade,Low,Zone 8-10,15°F,Striking bright red tubular flowers,Small capsules,Scarlet Bugler; attracts hummingbirds.
,Philadelphus lewisii,Mock Orange,Hydrangeaceae,Yes (Western N America),"5-12 ft tall, 6 ft wide",Moderate,Full sun to moderate shade,Moderate (prefers moist),Zone 3-9,-10°F,Fragrant white flowers (scent of orange/pineapple),Small hard capsules,Lewis' Mock-orange; Idaho State Flower.
,Philadelphus lewisii 'Goose Creek',Double Flowering Mock Orange,Hydrangeaceae,Yes (CA selection),6-10 ft tall and wide,Moderate,Full sun to part shade,Moderate,Zone 4-9,-10°F,Double-flowering fragrant white blossoms,Small capsules,Goose Creek Mock Orange; more showy flowers than species.
,Pinus attenuata,Knobcone Pine,Pinaceae,Yes (OR to Baja CA),"20-50 ft tall, 20 ft wide",Moderate to Fast,Full sun to part shade,Low,Zone 7-10,0°F,Monoecious cones,Resin-sealed cones; open only after fire,"Knobcone Pine; lives on poor soils, fire-dependent."
,Pinus ponderosa,Ponderosa Pine,Pinaceae,Yes (Western N America),"60-125 ft tall (cultivation), up to 225 ft (wild)",Moderate (fast when young),Full sun (shade intolerant),Medium to Low,Zone 3-7,-30°F,Monoecious cones (wind pollinated),Oval cones (3-6 in) with prickles,Ponderosa Pine; signature tree of the West.
,Quercus douglasii,Blue Oak,Fagaceae,Yes (California endemic),20-60 ft tall and wide,Slow,Full sun,Very Low (most drought tolerant deciduous oak),Zone 7-11,5°F,Yellow catkins in spring,Acorns (2-3 cm); sweet kernel,"Blue Oak; blue-green foliage, extremely tough."
,Quercus durata,Leather Oak,Fagaceae,Yes (California endemic),3-12 ft tall and wide,Slow,Full sun to part shade,Very Low,Zone 6-10,15°F,Catkins in spring,Acorns; solitary or paired,Leather Oak; evergreen shrubby oak found in chaparral.
,Quercus lobata,Valley Oak,Fagaceae,Yes (California endemic),"40-100 ft tall, 40-80 ft wide",Slow to Moderate,Full sun,Low (tolerates dry but likes deep water),Zone 7-11,0°F,Yellowish-green pendulous catkins,Large acorns (1 in) with woolly caps,Valley Oak; North America's largest oak species.
,Rhododendron occidentale,Western Azalea,Ericaceae,Yes (CA & OR),"4-15 ft tall, 5 ft wide",Moderate to Slow,Part shade to full sun,High,Zone 7-9,0°F,Sweetly fragrant white/pink with yellow blotch,Brown capsules,Western Azalea; spectacular fragrance and bloom.
,Ribes divaricatum,Spreading Gooseberry,Grossulariaceae,Yes (Western N America),3-8 ft tall and wide,Moderately Fast,Full sun to partial shade,High (prefers moist/wet),Zone 4-8,-20°F,Pendulous purplish/white flowers,Prickly sour black berries,Coastal Black Gooseberry; attracts birds.
,Ribes aureum,Golden Currant,Grossulariaceae,Yes (North America),3-7 ft tall and wide,Fast,Full sun to part shade,Low to Moderate,Zone 3-8,-35°F,Fragrant golden-yellow spicy clusters,Edible amber to black berries,"Golden Currant; beautiful fragrance, edible fruit."
,Ribes viburnifolium,Catalina Perfume,Grossulariaceae,Yes (S California & Baja),"2-3 ft tall, 6-10 ft wide",Fast to Moderate,Part shade to shade,Low to Moderate,Zone 6-11,25°F,Small deep red clusters (late winter),Small red berries,"Evergreen Currant; aromatic foliage, great groundcover."
,Romneya coulteri,Matilija Poppy,Papaveraceae,Yes (CA & Baja CA),6-8 ft tall and wide,Fast (aggressive spreading),Full sun,Very Low,Zone 7-10,0°F,Large 9-in white flowers with golden centers,Bristly capsules,"Matilija Poppy; 'Fried Egg Plant', apricot-scented."
,Salvia apiana,White Sage,Lamiaceae,Yes (S California & Baja),3-5 ft tall and wide,Moderate,Full sun,Very Low,Zone 8-11,15°F,White to pale lavender spikes,Small nutlets,"White Sage; sacred to indigenous peoples, highly aromatic."
,Salvia mellifera,Black Sage,Lamiaceae,Yes (CA & Baja CA),3-6 ft tall and wide,Slow to Moderate,Full sun,Very Low,Zone 8-11,15°F,Pale blue to lavender clusters in whorls,Nutlets,"Black Sage; important honey plant, aromatic."
,Salvia sonomensis,Sonoma Sage,Lamiaceae,Yes (California endemic),"1 ft tall, spreads to 10-15 ft",Moderate to Fast,Full sun to part shade,Low,Zone 8-10,15°F,Blue-violet flower spikes,Nutlets,Creeping Sage; excellent drought-tolerant groundcover.
,Sambucus nigra ssp. caerulea,Mexican Elderberry,Adoxaceae,Yes (Western N America),15-30 ft tall and wide,Fast,Full sun to part shade,Low to Medium,Zone 4-9,-20°F,Creamy white flat-topped clusters,Bluish-black berries with waxy coating,"Blue Elderberry; fruit edible when cooked, wildlife magnet."
,Clinopodium douglasii,Yerba Buena,Lamiaceae,Yes (West Coast N America),"6 in tall, spreads 6 ft wide",Fast (creeping),Part shade to shade,Moderate to Low,Zone 7-10,10°F,Small white to lavender flowers,Nutlets,"Yerba Buena; aromatic 'good herb', used for tea."
,Sequoia sempervirens,Coastal Redwood,Cupressaceae,Yes (CA & OR coast),"60-100 ft (cultivated), 350+ ft (wild)",Fast (3 ft per year),Full sun to dappled shade,Moderate to High,Zone 7-9,0°F to 10°F,Non-flowering (cones),Small brownish egg-shaped cones,"Coast Redwood; tallest tree on Earth, long-lived."
,Sisyrinchium californicum,Yellow-Eyed Grass,Iridaceae,Yes (West Coast N America),"6-24 in tall, 1 ft wide",Fast (self-seeds),Full sun to light shade,Moderate to High (wet soil),Zone 7-10,10°F,Star-shaped golden-yellow flowers,Dark capsules,Golden Blue-Eyed Grass; thrives in moist meadows.
,Spiraea douglasii,Western Spiraea,Rosaceae,Yes (NW N America),"3-7 ft tall, can reach 10 ft",Fast,Full sun to part shade,High (tolerates flooding),Zone 5-8,-20°F,Dense deep pink fragrant panicles,Small pod-like follicles,Douglas Spirea; excellent for riparian restoration.
,Nassella pulchra,Purple Needlegrass,Poaceae,Yes (California State Grass),"2-3 ft tall, 2 ft wide",Fast,Full sun to part shade,Low,Zone 7-10,25°F,Open nodding purple-tinged spikes,Pointed purple fruit with long awns,Purple Needlegrass; California State Grass.
,Coreopsis verticillata,Whorled Tickseed,Asteraceae,No (SE USA),1.5-3 ft tall and wide,Fast,Full sun,Low,Zone 3-9,-30°F,Vibrant yellow daisy-like flowers,Achenes,"Whorled Tickseed; very drought tolerant, fine foliage."
,Abelia x grandiflora,Glossy Abelia,Caprifoliaceae,No (Garden Hybrid),3-6 ft tall and wide,Moderate,Full sun to part shade,Moderate,Zone 5-9,5°F,Fragrant white/pink bell-shaped clusters,Inconspicuous brown achenes,"Glossy Abelia; semi-evergreen, long bloom season."
,Agapanthus africanus,Lily of the Nile,Amaryllidaceae,No (South Africa),"2-4 ft tall, 1-2 ft wide",Moderate,Full sun to part shade,Moderate (low in winter),Zone 8-11,15°F,Rounded clusters of blue/violet/white funnel flowers,Seeds,Agapanthus africanus is the commonly cultivated species; African Lily.
,Agastache rugosa,Agastache 'Golden Jubilee',Lamiaceae,No (East Asia),"3-4 ft tall, 1.5-2 ft wide",Fast (short-lived),Full sun,Low to Moderate,Zone 5-9,-20°F,Purple flower spikes (summer/fall),Seeds,"Korean Mint; aromatic foliage, attracts pollinators."
,Ajuga reptans,Carpet Bugle,Lamiaceae,No (Europe/Asia/Africa),"4-8 in tall, spreads indefinitely",Moderate to Fast,Full sun to full shade,Moderate,Zone 3-10,-35°F,Blue to purple spikes in spring,Nutlets,Carpet Bugle; aggressive groundcover.
,Aquilegia caerulea,Columbine 'Rose Star',Ranunculaceae,No (Rocky Mountains USA),"1.5-2 ft tall, 1 ft wide",Slow,Part shade to full sun,Medium (moist),Zone 3-8,-35°F,Large showy blue and white spurred flowers,Follicles,Colorado Columbine; state flower of Colorado.
,Aquilegia caerulea,Columbine 'Blue Star',Ranunculaceae,No (Rocky Mountains USA),"1.5-2 ft tall, 1 ft wide",Slow,Part shade to full sun,Medium (moist),Zone 3-8,-35°F,Large showy blue and white spurred flowers,Follicles,Colorado Columbine; state flower of Colorado.
,Aquilegia chrysantha,Columbine 'Denver Gold,Ranunculaceae,No,2-3 ft,Moderate,Full sun to part shade,Medium,Zone 3-9,-35°F,Golden yellow flowers with long spurs,Follicles,Golden Columbine selection.
,Aquilegia hybrida,Columbine 'Crimson Star',Ranunculaceae,No,1.5-2 ft,Moderate,Full sun to part shade,Medium,Zone 3-9,-35°F,Crimson red and white flowers,Follicles,Crimson Star Columbine.
,Arbutus marina,Strawberry Tree,Ericaceae,No (Hybrid/Europe parents),25-50 ft tall and wide,Moderate,Full sun,Low (drought tolerant once established),Zone 7-9,15°F,Pinkish white urn-shaped clusters (year-round),Red strawberry-like berries; edible but bland,"Strawberry Tree; beautiful reddish bark, evergreen."
,Arctotheca calendula,Capeweed,Asteraceae,No (South Africa),"1 ft tall, spreads indefinitely",Fast,Full sun,Low to Moderate,Zone 9-11,25°F,Yellow daisy-like flowers with dark centers,Achenes with fluffy wool,Commonly known as Capeweed or Cape Dandelion.
,Artemisia absinthium,Wormwood,Asteraceae,No (Eurasia/N Africa),2-3 ft tall and wide,Moderate,Full sun,Low to Medium,Zone 4-9,-30°F,Tiny inconspicuous yellowish-gray clusters,Small achenes,"Wormwood; bitter herb used in Absinthe, silvery foliage."
,Artemisia 'Powis Castle',Wormwood 'Powis Castle',Asteraceae,No (Garden Hybrid),"2-3 ft tall, 3-6 ft wide",Moderate,Full sun,Low (drought tolerant),Zone 6-9,-15°F,Insignificant yellow flowers (rarely blooms),None,Powis Castle Wormwood; popular silvery mounding shrub.
,Artemisia versicolor,Sea Foam' Curlicue Sage,Asteraceae,No (Northern Hemisphere),"12-18 in tall, 2 ft wide",Fast,Full sun,Low,Zone 4-10,-10°F,Small cream/yellow flowers in summer,None,Sea Foam Curlicue Sage; fine-textured silvery foliage.
,Billbergia nutans,Queen's Tears,Bromeliaceae,No (S America),1-2 ft tall and wide,Vigorous,Part shade to shade,Moderate (keep cup filled),Zone 9-11,25°F to 30°F,Pendant pink bracts with blue/green flowers,N/A,"Queen's Tears; very easy bromeliad, arching habit."
,Buddleja davidii,Butterfly Bush 'Black Knight',Scrophulariaceae,No (China/Japan),"6-12 ft tall, 4-15 ft wide",Fast,Full sun,Medium,Zone 5-9,0°F,Honey-scented lilac/purple spikes,Small pods with dust-like seeds,"Butterfly Bush; prune hard in spring, attracts many butterflies."
,Buddleja davidii,Butterfly Bush 'Compact Blue',Scrophulariaceae,No (China/Japan),"6-12 ft tall, 4-15 ft wide",Fast,Full sun,Medium,Zone 5-9,0°F,Honey-scented lilac/purple spikes,Small pods with dust-like seeds,"Butterfly Bush; prune hard in spring, attracts many butterflies."
,Buddleja davidii,Butterfly Bush 'Royal Red',Scrophulariaceae,No (China/Japan),"6-12 ft tall, 4-15 ft wide",Fast,Full sun,Medium,Zone 5-9,0°F,Honey-scented lilac/purple spikes,Small pods with dust-like seeds,"Butterfly Bush; prune hard in spring, attracts many butterflies."
,Buddleja davidii,Butterfly Bush 'Lochinch',Scrophulariaceae,No (China/Japan),"6-12 ft tall, 4-15 ft wide",Fast,Full sun,Medium,Zone 5-9,0°F,Honey-scented lilac/purple spikes,Small pods with dust-like seeds,"Butterfly Bush; prune hard in spring, attracts many butterflies."
,Buddleja globosa,Butterfly Bush  'Orange Ball',Scrophulariaceae,No (Chile/Argentina),"10-15 ft tall, 8-12 ft wide",Fast,Full sun,Moderate,Zone 6-9,5°F,Distinctive yellow-orange honey-scented globes,Seeds,Orange Ball Butterfly Bush; semi-evergreen.
,Buxus microphylla,Japanese Boxwood,Buxaceae,No (Japan/Taiwan),3-4 ft tall and wide (dwarf),Slow,Full sun to part shade,Moderate,Zone 6-10,-10°F,Inconspicuous fragrant green flowers,Small black capsules,Japanese Boxwood; excellent for low hedges/topiary.
,Calamagrostis x acutiflora,Karl Foerster' Feather Reed Grass,Poaceae,No (Europe/Asia Hybrid),"3-5 ft tall, 2 ft wide",Fast (clumping),Full sun to part shade,Medium to High,Zone 4-9,-30°F,Feathery purplish-green plumes turning tan,Sterile seeds,Karl Foerster Feather Reed Grass; vertical accent.
,Calandrinia grandiflora,Chilean Rockrose,Montiaceae,No (Chile),1-3 ft tall and wide,Fast,Full sun to part shade,Low,Zone 8-11,15°F,Vibrant magenta poppy-shaped flowers on tall stems,Small capsules,Rock Purslane; blue-green succulent leaves.
,Callistemon citrinus,Lemon Bottlebrush,Myrtaceae,No (Australia),10-15 ft tall and wide,Medium,Full sun,Low to Moderate,Zone 9-11,20°F,Bright crimson bottlebrush-like spikes,Small woody capsules,"Lemon Bottlebrush; attracts hummingbirds, aromatic leaves."
,Campsis radicans,Trumpet Vine,Bignoniaceae,Yes (Eastern North America),30-40 ft long (climbing vine),Fast and aggressive,Full sun to part sun,Low to Medium,Zone 4-10,-30°F,Showy orange to reddish-orange trumpets,Long bean-like seed pods,"Trumpet Vine; invasive potential, attracts hummingbirds."
,Cedrus deodara,Deodar Cedar,Pinaceae,No (Himalayas),"40-70 ft tall, 20-40 ft wide",Medium,Full sun,Moderate to Low,Zone 6-8,-5°F,Inconspicuous cones,Upright ovoid bluish-brown cones,Deodar Cedar; graceful pendulous branches.
,Centaurea gymnocarpa,Velvet Centaurea,Asteraceae,No (Italy/Mediterranean),"1-3 ft tall, 2-4 ft wide",Moderate,Full sun,Low,Zone 8-10,15°F,Dark purple 'artichoke' style flowers,Achenes,Velvet Centaurea; spectacular silver-white foliage.
,Ceratostigma plumbaginoides,Dwarf Plumbago,Plumbaginaceae,No (China),"6-10 in tall, 1-1.5 ft wide",Fast (spreading),Full sun to part shade,Moderate,Zone 5-9,-10°F,Dainty gentian blue flowers,Small brown capsules,Dwarf Plumbago; brilliant red fall foliage color.
,Chaenomeles x,Red Flowering Quince 'Contorta',Rosaceae,No (East Asia Hybrid),"2-6 ft tall, 4-5 ft wide",Fast,Full sun to part shade,Low to Moderate,Zone 4-9,-15°F,Bright orange-red/white/pink flowers (early spring),Yellow fragrant pomes; used for jelly,"Flowering Quince; spiny branches, very tough."
,Chaenomeles x 'Orange Delight',Flowering Quince 'Orange Delight',Rosaceae,No (Garden Hybrid),3-4 ft tall and wide,Moderate,Full sun to part shade,Moderate,Zone 5-9,-10°F,Masses of bright orange flowers,Small fragrant pomes,Orange Delight Quince; compact and showy.
,Chasmanthium latifolium,Sea Oats,Poaceae,Yes (Central & Eastern USA),"2-5 ft tall, 1-2.5 ft wide",Medium (fast-clumping),Part shade to shade,Medium (prefers moist soil),Zone 3-10,-30°F,Green to tan dangling flat spikelets,Caryopsis (showy seed heads),Inland Sea Oats; unique drooping decorative seed heads.
,Choisya ternata,Mexican Mock Orange,Rutaceae,No (Mexico & SW USA),6-8 ft tall and wide,Vigorous,Full sun to part shade,Moderate (drought tolerant once established),Zone 7-10,10°F to 15°F,Fragrant white star-shaped clusters,N/A,Mexican Mock Orange; citrus-scented foliage.
,Choisya ternata 'Aztec Pearl',Mexican Mock Orange 'Aztec Pearl',Rutaceae,No (Garden Hybrid),5-6 ft tall and wide,Vigorous,Full sun to part shade,Moderate,Zone 8-10,10°F,Fragrant white star flowers from pink buds,N/A,Aztec Pearl Choisya; finely cut elegant leaves.
,Cistus ladanifer,Crimson Spot Rockrose,Cistaceae,No (Mediterranean),3-5 ft tall and wide,Fast,Full sun,Low,Zone 8-10,15°F,Large white flowers with crimson spots at base,Capsules,Crimson Spot Rockrose; aromatic resin (labdanum).
,Cistus x corbariensis,White Rockrose,Cistaceae,No (S Europe Hybrid),2-5 ft tall and wider,Vigorous,Full sun,Low,Zone 7-9,10°F,White flowers with yellow centers (rose-pink buds),N/A,White Rockrose; one of the hardiest rockroses.
,Cistus x purpureus,Orchid Rockrose,Cistaceae,No (Garden Hybrid),3-6 ft tall and wide,Moderate,Full sun,Low,Zone 8-10,15°F,Large pink/magenta flowers with dark base spots,N/A,Orchid Rockrose; tough and showy evergreen shrub.
,Coleonema pulchellum,Pink Breath of Heaven,Rutaceae,No (South Africa),"3-5 ft tall, 4-6 ft wide",Moderate to Fast,Full sun,Moderate to Low,Zone 8-11,20°F,Tiny pink star-shaped flowers,Small capsules,Pink Breath of Heaven; aromatic heather-like foliage.
,Cotinus coggygra,Purple Smoke Tree,Anacardiaceae,No (Eurasia),10-15 ft tall and wide,Moderate,Full sun,Low to Moderate,Zone 4-8,-20°F,Insignificant yellow flowers with pink smoke-like hairs,Small drupes,Purple Smoke Tree; spectacular misty appearance in bloom.
,Cotinus coggygria,Purple Smoke Tree,Anacardiaceae,No (Eurasia),10-15 ft tall and wide,Moderate,Full sun,Low to Moderate,Zone 4-8,-20°F,Smoke-like billowy clusters of fine hairs,Small drupes,Smoke Bush; noted for purple foliage cultivars.
,Cotoneaster dammeri,Cotoneaster 'Coral Beauty',Rosaceae,No (China),"1 ft tall, 6 ft spread",Fast,Full sun to part shade,Low to Moderate,Zone 5-8,-15°F,Fragrant small white flowers,Bright red berries (pomes) in fall/winter,Bearberry Cotoneaster; low-growing evergreen groundcover.
,Cotoneaster glaucophyllus,Grey Leaf Cotoneaster,Rosaceae,No (China),5-8 ft tall and wide,Moderate,Full sun to part shade,Moderate,Zone 6-9,0°F,Small white flowers in summer,Glossy red to orange berries,Grey Leaf Cotoneaster; distinct blue-grey leaf underside.
,Cryptomeria japonica 'Globosa Nana',Japanese Plume Cedar,Cupressaceae,No (Japan),3-4 ft tall and wide (dwarf),Slow to Moderate,Full sun to part shade,Moderate (likes consistent moisture),Zone 5-9,-10°F,Insignificant cones,Small brown cones,Dwarf Japanese Cedar; 'Globosa Nana' is the correct cultivar name.
,Dianthus barbatus,Sweet Black Cherry' Hybrid Dianthus,Caryophyllaceae,No (Europe/Asia),"1-2 ft tall, 1 ft wide",Medium,Full sun,Medium (prefers moist soil),Zone 3-9,-30°F,Dense clusters of fragrant flat flowers,Capsules,"Sweet William; edible flowers, spicy fragrance."
,Dianthus barbatus,Sweet William 'Holborn Glory',Caryophyllaceae,No (Europe/Asia),"1-2 ft tall, 1 ft wide",Medium,Full sun,Medium (prefers moist soil),Zone 3-9,-30°F,Dense clusters of fragrant flat flowers,Capsules,"Sweet William; edible flowers, spicy fragrance."
,Dianthus superbus,Fringed Pink 'Crimsonia',Caryophyllaceae,No (Europe/N Asia),"1-2 ft tall, 1.5 ft wide",Moderate,Full sun to partial shade,Medium,Zone 3-9,-35°F,Sweetly scented flowers with deeply fringed petals,N/A,Fringed Pink; delicate airy appearance.
,Dianthus superbus,Fringed Pink 'Ambrosia',Caryophyllaceae,No (Europe/N Asia),"1-2 ft tall, 1.5 ft wide",Moderate,Full sun to partial shade,Medium,Zone 3-9,-35°F,Sweetly scented flowers with deeply fringed petals,N/A,Fringed Pink; delicate airy appearance.
,Digitalis purpurea,Foxglove 'Gloxiniaeflora Mix',Plantaginaceae,No (Europe/Africa),"3-6 ft tall, 2 ft wide",Medium,Full sun to part shade,Medium (prefers moist),Zone 4-9,-20°F,Tall spikes of tubular white/pink/purple bells,Rounded capsules with tiny seeds,Foxglove; all parts highly toxic if ingested.
,Echinacea purpurea,Purple Coneflower,Asteraceae,Yes (Eastern & Central USA),"2-5 ft tall, 2 ft wide",Moderate,Full sun to part shade,Low to Medium,Zone 3-9,-40°F,Showy daisy-like flowers with purple rays and orange cones,Achenes; attracts birds,"Purple Coneflower; medicinal use, very pollinator friendly."
,Elaeagnus pungens,Golden Elaeagnus 'Maculata',Elaeagnaceae,No (Japan/China),12-15 ft tall and wide,Fast (aggressive),Full sun to shade,Low to Moderate,Zone 6-9,-5°F,Small fragrant creamy-white bells (fall),Reddish-brown drupes (spring); edible,"Silverthorn; salt tolerant, can be invasive in SE USA."
,Erica x darleyensis,Kramer's Rote',Ericaceae,No (Garden Hybrid),"1-2 ft tall, 2-3 ft wide",Moderate,Full sun,Moderate (prefers moisture),Zone 6-8,-10°F,White to pink urn-shaped winter blooms,N/A,Darley Dale Heath; excellent winter groundcover color.
,Escallonia x exoniensis,Escallonia 'Fradesii',Escalloniaceae,No (Garden Hybrid),5-6 ft tall and wide,Moderate to Fast,Full sun to partial shade,Medium (drought tolerant established),Zone 7-9,10°F to 15°F,Showy clusters of rosy red to pink flowers,Absent,Pink Princess Escallonia; evergreen with sweet fragrance.
,Euonymus fortunei,Variegated Wintercreeper 'Variegatus',Celastraceae,No (East Asia),1-2 ft (groundcover) to 40 ft (climbing),Slow to Fast (variable),Full sun to heavy shade,Medium,Zone 5-9,-20°F,Inconspicuous greenish-white flowers,Smooth pinky-orange capsules,Wintercreeper; versatile groundcover or vine.
,Ficus pumila,Climbing Fig,Moraceae,No (East Asia),10-15 ft (climbing vine),Fast,Bright indirect light to full sun,Medium,Zone 9-11,34°F,Insignificant,Pear-shaped green to purple fruits (rare),"Climbing Fig; vigorous spreader, needs no frost."
,Oenothera lindheimeri,Gaura,Onagraceae,Yes (Louisiana & Texas),"2-4 ft tall, 2-3 ft wide",Fast,Full sun,Low to Medium,Zone 5-9,-10°F,Airy white/pink butterfly-like flowers,Small nut-like fruits,Formerly Gaura lindheimeri; White Gaura.
,Heuchera micrantha,Coral Bells 'Purple Palace',Saxifragaceae,Yes (Western N America),"1-2 ft tall, 1-1.5 ft wide",Medium,Full sun to part shade,Medium (likes consistent moisture),Zone 4-9,-30°F,Tiny pinkish-white bells on tall wiry stems,N/A,Purple Palace Coral Bells; prize-winning purple foliage.
,Hedera helix,Gold Heart Ivy,Araliaceae,No (Europe/Asia/Africa),"15-25 ft (climbing), 8 in (groundcover)",Moderate to Fast,Full sun to heavy shade,Medium,Zone 5-9,-10°F,Small inconspicuous greenish-yellow umbels,Blue-black berries (toxic),Gold Heart Ivy; distinctive golden leaf centers.
,Humulus lupulus,Hops,Cannabaceae,"Yes (North America, Europe, Asia)",20-33 ft (climbing vine),Fast (up to 10 in/day),Full sun to part shade,Medium to High,Zone 4-8,-20°F,Fragrant green/gold cones (strobiles) on females,Paper-like cones used for brewing,"Hops; used for beer flavoring, dies back to ground in winter."
,Iberis sempervirens,Evergreen Candytuft,Brassicaceae,No (S Europe/N Africa),"6-12 in tall, 1-2 ft wide",Moderate to Fast,Full sun,Moderate (drought tolerant established),Zone 3-9,5°F,Masses of pure white flat-topped clusters,Small capsules,Evergreen Candytuft; popular spring-blooming groundcover.
,Iris x germanica,Bearded Iris,Iridaceae,No (European Hybrid),2-3.5 ft tall,Moderate (clumping),Full sun,Low to Moderate (drought tolerant established),Zone 3-10,-35°F,Large fragrant flowers in almost every color,3-celled seed capsules,"Bearded Iris; spread by rhizomes, avoid overwatering."
,Juncus xiphioides,Irisleaf Rush,Juncaceae,Yes (SW USA & Baja),"1-3 ft tall, 1-6 ft wide",Fast,Full sun to part shade,High (likes wet feet),Zone 6-10,10°F,Small green/brown heads in branching clusters,Brown oblong capsules,Irisleaf Rush; looks like an iris but is a rush.
,Laurus nobilis,Grecian Laurel (Bay Laurel),Lauraceae,No (Mediterranean),10-30 ft tall (can be 60 ft),Slow to Moderate,Full sun to part shade,Medium (drought tolerant established),Zone 8-10,15°F,Small yellowish-green clusters,Shiny black/blue berries (female only),Grecian Laurel; leaves used for flavoring (Bay Leaf).
,Malva thuringiaca,Kew Rose,Malvaceae,No (E Europe/SW Asia),"6 ft tall, 3 ft wide",Fast,Full sun,Moderate,Zone 5-9,-4°F,Pink to lavender-pink mallow flowers,N/A,Formerly Lavatera thuringiaca; Garden Tree Mallow.
,Lavendula angustifolia,Lavender 'Silver Mist',Lamiaceae,No (Mediterranean),1-3 ft tall and wide,Slow to Moderate,Full sun,Low,Zone 5-8,-15°F,Fragrant lavender-blue flower spikes,Nutlets,English Lavender; prized for essential oil and perfume.
,Lavendula stoechas,Madrid' Spanish Lavender,Lamiaceae,No (Mediterranean),1-3 ft tall and wide,Moderate,Full sun,Low,Zone 8-10,15°F,Deep purple heads with distinctive 'rabbit ear' bracts,N/A,Spanish Lavender; handles heat better than English lavender.
,Lavendula x intermedia,Lavender 'Provence',Lamiaceae,No (Garden Hybrid),"2-3 ft tall, 3-4 ft wide",Fast,Full sun,Low,Zone 5-9,-10°F,Long fragrant violet flower spikes,Sterile,"Provence Lavender (Lavandin); high oil yield, very fragrant."
,Leonotis leonurus,Lions Tail,Lamiaceae,No (South Africa),"4-8 ft tall, 4 ft wide",Fast,Full sun,Moderate to Low,Zone 8-11,20°F,Fuzzy tiered orange whorls,Small nutlets,"Lions Tail; attracts hummingbirds, spectacular architecture."
,Leonotis leonurus,Lion's Tail,Lamiaceae,No (South Africa),"4-8 ft tall, 4 ft wide",Fast,Full sun,Moderate to Low,Zone 8-11,20°F,Fuzzy tiered orange whorls,Small nutlets,"Lions Tail; attracts hummingbirds, spectacular architecture."
,Leucophyllum zygophyllum,Texas Sage 'Blue Ranger',Scrophulariaceae,No (Northeast Mexico),3-6 ft tall and wide,Moderate,Full sun,Low,Zone 7-11,10°F,Violet-blue bell-shaped flowers,Small capsules,Blue Ranger; blooms after rain (Barometer Bush).
,Loropetalum chinense,Chinese Fringe Flower,Hamamelidaceae,No (East Asia),6-10 ft tall and wide,Medium,Full sun to part shade,Moderate (drought tolerant established),Zone 7-10,5°F,Fragrant spidery fringe-like flowers (white/pink),Insignificant capsules,Chinese Fringe Flower; elegant arching branches.
,Magnolia stellata,Star Magnolia,Magnoliaceae,No (Japan),"10-20 ft tall, 8-20 ft wide",Slow,Full sun to part shade,Medium (prefers moist loamy soil),Zone 4-9,-25°F,Showy fragrant white star-shaped blooms (spring),Knobby reddish-green aggregate fruit,"Star Magnolia; deciduous, blooms before leaves appear."
,Melianthus major,Honeybush,Francoaceae,No (South Africa),"6-12 ft tall, 8-12 ft wide",Fast,Full sun to partial shade,Moderate,Zone 8-11,15°F,Tall maroon/crimson nectar-rich spikes,Pale green papery bladder pods,Honeybush; bold blue-grey jagged foliage.
,Monarda didyma,Bee Balm 'Panorama Mix',Lamiaceae,Yes (Eastern North America),"2-4 ft tall, 1.5-2 ft wide",Medium,Full sun to partial shade,Medium (prefers moist soil),Zone 4-9,-25°F,Showy heads of tubular red flowers,Brown nutlets,"Crimson Beebalm; attracts hummingbirds, edible flowers/leaves."
,Monarda didyma,Bee Balm,Lamiaceae,Yes (Eastern North America),"2-4 ft tall, 1.5-2 ft wide",Medium,Full sun to partial shade,Medium (prefers moist soil),Zone 4-9,-25°F,Showy heads of tubular red flowers,Brown nutlets,"Crimson Beebalm; attracts hummingbirds, edible flowers/leaves."
,Nerium oleander,Pink Fragrant Oleander,Apocynaceae,No (Mediterranean/Asia),7-20 ft tall and wide,Medium to Fast,Full sun to partial shade,Low to Medium (very drought tolerant),Zone 8-10,15°F to 20°F,Showy clusters of white/pink/red/yellow flowers,Narrow pairs of follicles,Oleander; ALL parts are extremely toxic if ingested.
,Oenothera macrocarpa ssp. fremontii,Evening Primrose 'Shimmer',Onagraceae,Yes (Central USA),"8-10 in tall, 1.5 ft wide",Fast,Full sun,Low (dry to xeric),Zone 4-8,-30°F,Large lemon-yellow cup-shaped flowers,Small capsules,Correct spelling is fremontii.
,Olea europaea,Swan Hill Olive,Oleaceae,No (Mediterranean),20-30 ft tall and wide,Slow to Moderate,Full sun,Low (drought tolerant),Zone 8-10,15°F,Small inconspicuous greenish flowers,None (on Swan Hill variety),Pollen-free and fruit-free variety.
,Osmanthus heterophyllus,Holly Leaf Osmanthus 'Goshiki',Oleaceae,No (Japan/Taiwan),"4-10 ft tall, 4-8 ft wide",Slow,Full sun to part shade,Medium (drought tolerant established),Zone 6-9,-5°F,Tiny fragrant white flowers (rare on Goshiki),Rarely produced,Goshiki Holly Leaf Osmanthus; striking multi-colored variegated foliage.
,Penstemon x,Midnight' Hybrid Garden Penstemon,Plantaginaceae,No (North American species hybrids),"2-4 ft tall, 1.5-2 ft wide",Moderate,Full sun,Low to Medium,Zone 6-9,0°F to 10°F,"Large tubular flowers (Midnight: dark purple, Garnet: red)",Many-seeded capsules,Garden Penstemon; very popular showy perennials for pollinators.
,Penstemon x,Garnet' Hybrid Garden Penstemon,Plantaginaceae,No (North American species hybrids),"2-4 ft tall, 1.5-2 ft wide",Moderate,Full sun,Low to Medium,Zone 6-9,0°F to 10°F,"Large tubular flowers (Midnight: dark purple, Garnet: red)",Many-seeded capsules,Garden Penstemon; very popular showy perennials for pollinators.
,Salvia yangii,Russian Sage,Lamiaceae,No (Central Asia),"3-5 ft tall, 2-4 ft wide",Moderate,Full sun,Low,Zone 4-9,-30°F,Airy spikes of small lavender-blue flowers,Nutlets,Formerly Perovskia atriplicifolia; Russian Sage.
,Persicaria capitata,Pink Knotweed,Polygonaceae,No (Asia/Himalayas),"4-8 in tall, spreads 2-3 ft wide",Fast (creeping),Full sun to partial shade,Moderate,Zone 8-11,15°F,Dense rounded heads of small pink flowers,Small green achenes,Pink Knotweed; attractive bronze-tinted foliage.
,Phlomis cashmeriana,Kashmir Sage,Lamiaceae,No (Himalayas),2-3 ft tall and wide (can spread more),Moderate,Full sun to light shade,Low,Zone 5-9,10°F,Whorls of lilac-pink to mauve flowers,N/A,Kashmir Sage; bold felty grey-green leaves.
,Phlomis fruticosa,Jerusalem Sage,Lamiaceae,No (Mediterranean),"3-4 ft tall, 3-5 ft wide",Medium,Full sun,Low,Zone 7-11,15°F,Whorls of deep yellow tubular flowers,Brown capsules,"Jerusalem Sage; grey woolly foliage, extremely tough."
,Phlomis lanata,Dwarf Jerusalum Sage,Lamiaceae,No (Crete/Eastern Med),"1-2 ft tall, 4-6 ft wide",Fast,Full sun to light shade,Low,Zone 8-11,15°F,Whorls of deep yellow flowers,N/A,Woolly Jerusalem Sage; more compact than P. fruticosa.
,Physocarpus opulifolius,Ninebark 'Diabolo',Rosaceae,Yes (Eastern North America),4-10 ft tall and wide,Moderate to Fast,Full sun to part shade,Low to Medium,Zone 3-7,-40°F,Clusters of pinkish-white flowers in late spring,Reddish inflated seed capsules (fall),"Diabolo Ninebark; dark purple foliage, peeling bark."
,Pittosporum tobira,Wheelers Dwarf' Pittosporum,Pittosporaceae,No (Japan/China),"2-3 ft tall, 3-5 ft wide (Wheeler's Dwarf)",Moderate to Slow,Full sun to full shade,Low to Moderate,Zone 8-11,10°F to 15°F,Fragrant small white/yellow clusters (spring),Small capsules,Wheelers Dwarf Pittosporum; glossy evergreen mounds.
,Quercus alba,White Oak,Fagaceae,Yes (Eastern & Central N America),50-80 ft tall and wide,Slow to Moderate,Full sun,Medium (drought tolerant established),Zone 3-9,-40°F,Yellowish-green catkins,Oval acorns (3/4 in) with warty cups,White Oak; majestic long-lived hardwood tree.
,Ratibida columnifera,Mexican Hat Flower,Asteraceae,Yes (North America),"1-3 ft tall, 1-1.5 ft wide",Fast,Full sun,Low (drought tolerant),Zone 4-9,-30°F,Drooping yellow/brown petals with tall central cone,Cypselas,Mexican Hat Flower; tough prairie wildflower.
,Rosa hybrid,Carpet Rose,Rosaceae,No (Garden Origin),3-4 ft tall and wide,Moderate,Full sun,Moderate (likes consistent moisture),Zone 5-10,-20°F,Clusters of showy pink roses,Rose hips,Carpet Rose; highly disease resistant groundcover rose.
,Rosa spp.,Lady Banks Rose,Rosaceae,No (Global distribution),3-20 ft (shrub or climber),Moderate to Fast,Full sun,Moderate,Zone 5-11,Varies by species,Large showy flowers in many colors,"Rose hips (edible, high Vitamin C)","Lady Banks/Knockout Rose; Banksiae is thornless, Knockout is disease resistant."
,Rosa spp.,'Knockout' Rose,Rosaceae,No (Global distribution),3-20 ft (shrub or climber),Moderate to Fast,Full sun,Moderate,Zone 5-11,Varies by species,Large showy flowers in many colors,"Rose hips (edible, high Vitamin C)","Lady Banks/Knockout Rose; Banksiae is thornless, Knockout is disease resistant."
,Rosmarinus officinalis,'Majorca Pink' Rosemary,Lamiaceae,No,2-4 ft,Moderate,Full sun,Low,Zone 8-11,15°F,Pink flowers,N/A,Upright rosemary with pink blooms.
,Rosmarinus officinalis,'Tall Culinary' Rosemary,Lamiaceae,No,4-6 ft,Moderate,Full sun,Low,Zone 8-11,15°F,Blue flowers,N/A,"Excellent for cooking, vigorous upright habit."
,Salvia chamaedryoides,'Marine Blue' Sage,Lamiaceae,No (North-central Mexico),"1-2 ft tall, 2-4 ft wide",Moderate,Full sun to part shade,Low (drought tolerant),Zone 7-10,10°F,Bright sky blue flower spikes,Nutlets,Marine Blue Sage; striking silvery-grey foliage.
,Salvia elegans,Pineapple Sage,Lamiaceae,No (Mexico/Guatemala),"3-5 ft tall, 3-4 ft wide",Fast,Full sun,Moderate,Zone 8-11,15°F to 20°F,Tubular scarlet red flowers (late season),None,Pineapple Sage; leaves have a distinct pineapple scent.
,Salvia greggii,Nuevo Leon,Lamiaceae,No (Texas/Mexico),2-3 ft tall and wide,Moderate,Full sun,Low,Zone 6-9,0°F to 10°F,Small tubular flowers in many colors (red/pink/white),Nutlets,Autumn Sage; long-blooming and very tough.
,Salvia microphylla,'Hot Lips' Sage,Lamiaceae,No (Mexico/Arizona),3-4 ft tall and wide,Medium,Full sun to partial shade,Low to Moderate,Zone 7-10,10°F to 15°F,Showy two-lipped flowers (Hot Lips: red/white),Nutlets,Baby Sage; blackcurrant-scented foliage.
,Salvia microphylla,'Rosita' Little Leaf Sage,Lamiaceae,No (Mexico/Arizona),3-4 ft tall and wide,Medium,Full sun to partial shade,Low to Moderate,Zone 7-10,10°F to 15°F,Showy two-lipped flowers (Hot Lips: red/white),Nutlets,Baby Sage; blackcurrant-scented foliage.
,Salvia microphylla,'San Carlos Festival' Sage,Lamiaceae,No (Mexico/Arizona),3-4 ft tall and wide,Medium,Full sun to partial shade,Low to Moderate,Zone 7-10,10°F to 15°F,Showy two-lipped flowers (Hot Lips: red/white),Nutlets,Baby Sage; blackcurrant-scented foliage.
,Solanum laxum,Potato Vine,Solanaceae,No (South America),15-20 ft (climbing vine),Fast,Full sun to part shade,Medium,Zone 8-11,15°F to 20°F,Star-shaped white to light blue flowers,Small black berries (toxic),Formerly Solanum jasminoides; Potato Vine.
,Stachys byzantina,Lamb's Ear,Lamiaceae,No (Middle East),"1 ft tall, 2-3 ft wide",Moderate,Full sun to part shade,Low,Zone 4-8,-30°F,Small purple spikes on fuzzy stalks,Brown nutlets,Lamb's Ear; soft woolly silver foliage.
,Stachys byzantina 'Nana',Lamb's Ear 'Nana',Lamiaceae,No (Garden Origin),"4-6 in tall, 1-2 ft wide",Moderate,Full sun to part shade,Low,Zone 4-8,-30°F,Rarely flowers (non-flowering selection),None,Dwarf Lamb's Ear; forms a tight silver carpet.
,Celtica gigantea,Giant Feather Grass,Poaceae,No (Mediterranean),"2 ft (foliage), 6-8 ft (flower stalks)",Vigorous,Full sun,Low (drought tolerant),Zone 5-10,0°F,Golden oat-like airy panicles,Golden seeds,Formerly Stipa gigantea; Giant Feather Grass.
,Symphoricarpos orbiculatus,Coral Berry,Caprifoliaceae,No (Central/Eastern N America),"3-5 ft tall, 4-8 ft wide",Fast (spreading),Full sun to part shade,Low to Moderate,Zone 2-7,-40°F,Inconspicuous greenish-white clusters,Showy coral-pink to purple berries (winter),"Coral Berry; persists through winter, provides wildlife food."
,Syringa laciniata,Cutleaf Lilac,Oleaceae,No (SW Asia Hybrid),6-8 ft tall and wide,Moderate,Full sun,Moderate,Zone 4-8,-30°F,Fragrant pale lilac flower spikes,Sterile capsules,Cut-leaf Lilac.
,Tanacetum densum,Partridge Feather,Asteraceae,No (Turkey),"4-6 in tall, 1.5-2 ft wide",Slow to Moderate,Full sun,Low,Zone 4-9,-20°F,Button-like yellow flowers in summer,N/A,Partridge Feather; incredible feathery silver foliage.
,Teucrium fruticans,Wall Germander,Lamiaceae,No (Mediterranean),4-8 ft tall and wide,Moderate to Fast,Full sun,Low,Zone 8-10,15°F to 20°F,Pale blue/lavender flowers with long stamens,Achenes,"Tree Germander; silver stems and leaves, very drought tolerant."
,Teucrium fruticans,Bush Germander,Lamiaceae,No (Mediterranean),4-8 ft tall and wide,Moderate to Fast,Full sun,Low,Zone 8-10,15°F to 20°F,Pale blue/lavender flowers with long stamens,Achenes,"Tree Germander; silver stems and leaves, very drought tolerant."
,Trachelospermum jasminoides,Star Jasmine,Apocynaceae,No (East Asia),10-20 ft (climbing/twining),Fast,Full sun to part shade,Moderate,Zone 8-10,10°F to 15°F,Sweetly fragrant white star-shaped flowers,Slender black follicles,"Star Jasmine; extremely fragrant, popular for fences."
,Veronica spicata,Veronica Speedwell,Plantaginaceae,No (Europe/Asia),"1-3 ft tall, 1-2 ft wide",Moderate,Full sun,Medium,Zone 3-8,-35°F,Dense spikes of blue/pink/purple flowers,N/A,Veronica Speedwell; attractive to pollinators.
,Viburnum opulus,Snowball Bush,Adoxaceae,No (Europe/Asia/Africa),8-12 ft tall and wide,Medium,Full sun to part shade,Medium to High,Zone 3-8,-35°F,Showy white lacecap or snowball clusters,Bright red translucent berries,Snowball Bush; spectacular fall foliage and fruit.
,Vitex agnus-castus,Chaste Tree,Lamiaceae,No (Mediterranean/Asia),10-20 ft tall and wide,Rapid,Full sun,Low to Medium,Zone 6-9,-10°F,Fragrant lavender/violet spikes (summer),Small hard dry fruits,Chaste Tree; looks like a lilac but thrives in heat.
,Weigela spp.,Weigela,Caprifoliaceae,No (East Asia),"6-10 ft tall, 9-12 ft wide",Moderate,Full sun,Moderate,Zone 4-8,-30°F,White/pink/red tubular bells,Dry oblong capsules,"Weigela; old-fashioned favorite, very reliable."
,Wisteria sinensis,Wisteria,Fabaceae,No (China),30-40 ft long (climbing vine),Fast,Full sun,Moderate (drought tolerant established),Zone 5-9,USDA Zone 5,Fragrant blue-violet pendulous racemes (spring),Velvety seed pods (10-15 cm),"Chinese Wisteria; powerful climber, stunning blooms."
,x Chitalpa tashkentensis,Desert Willow,Bignoniaceae,No (Hybrid - Chilopsis x Catalpa),20-30 ft tall and wide,Moderate,Full sun,Low to Moderate,Zone 6-9,0°F,Frilly raspberry-pink trumpet flowers,None (sterile hybrid),Heritage Raspberry Chitalpa; drought tolerant desert willow hybrid.
,Everbearing Raspberry,Heritage,Rosaceae,No (Cultivated Rubus idaeus),"4-6 ft tall, 3-4 ft wide",Fast,Full sun,Medium,Zone 4-8,-30°F,Small white flowers,Sweet dark red raspberries (everbearing),Heritage Raspberry; produces two crops per year.
,Allium tuberosum,Garlic Chives,Amaryllidaceae,No (Asia),"1-2 ft tall, 1 ft wide",Fast,Full sun to part shade,Moderate,Zone 3-10,-35°F,Showy white star-shaped clusters (late summer),Small capsules,"Garlic Chives; flat leaves with mild garlic flavor, edible."
,Ceratonia siliqua,Carob,Fabaceae,No (Mediterranean),30-50 ft tall and wide,Slow to Moderate,Full sun,Low (very drought tolerant),Zone 9-11,20°F,Small greenish-red clusters on old wood,Large leathery brown pods (edible),Carob Tree; seeds used as chocolate substitute.
,Citrus x meyeri,Improved Meyer Lemon,Rutaceae,No (China Hybrid),"6-10 ft tall, 4-8 ft wide",Moderate,Full sun,Medium (prefers consistent moisture),Zone 9-11,22°F to 25°F,Very fragrant white flowers with purple base,Sweeter thin-skinned deep yellow lemons,"Improved Meyer Lemon; heavy producer, great for containers."
,Cymbopogon citratus,Lemongrass,Poaceae,No (South Asia),"3-6 ft tall, 3-4 ft wide",Fast,Full sun,Medium,Zone 10-11 (roots to 8b),30°F,Rare/Insignificant,N/A,"Lemongrass; aromatic culinary herb, mosquito repellent."
,Eriobotrya japonica,Loquat,Rosaceae,No (China/Japan),15-30 ft tall and wide,Fast,Full sun to part shade,Medium,Zone 8-10,10°F,Fragrant white clusters (winter),Sweet yellow/orange edible fruit (spring),Loquat; evergreen fruit tree with tropical look.
,Everbearing Raspberry,Amity,Rosaceae,No (Cultivated Rubus idaeus),4-5 ft tall and wide,Fast,Full sun,Medium,Zone 4-8,-30°F,Small white flowers,Large firm dark red raspberries,"Amity Raspberry; everbearing, nearly thornless canes."
,Acca sellowiana,Pineapple Guava,Myrtaceae,No (South America),10-15 ft tall and wide,Moderate,Full sun to part shade,Medium (drought tolerant established),Zone 8-11,15°F,Spectacular edible white/red flowers,Green oval fruits with pineapple/mint flavor,Formerly Feijoa sellowiana; Pineapple Guava.
,Houttuynia cordata,Korean Fishplant 'Chameleon',Saururaceae,No (East Asia),"9-15 in tall, spreads 3-10 ft",Fast (aggressive),Full sun to full shade,High (likes wet/boggy soil),Zone 5-10,-20°F,Small greenish spikes with 4 white bracts,N/A,"Chameleon Plant; aromatic leaves, can be very invasive."
,Lycium barbarum,Goji Berry,Solanaceae,No (China),"3-10 ft tall, 4-13 ft wide",Moderate,Full sun,Low to Moderate,Zone 4-9,-20°F,Small royal purple flowers,Nutritious bright red berries (Goji),"Goji Berry; 'Superfood' berry, drought tolerant."
,Melissa officinalis,Lemon Balm,Lamiaceae,No (Europe/Med/Asia),2-3 ft tall and wide,Fast,Full sun to part shade,Moderate (drought tolerant established),Zone 4-9,-25°F,Tiny white/pink inconspicuous flowers,Seeds,Lemon Balm; lemon-scented leaves used for tea/medicine.
,Mentha spicata,Spearmint,Lamiaceae,No (Europe/Asia),"1-3 ft tall, spreads indefinitely",Fast (aggressive),Full sun to part shade,High (prefers moist soil),Zone 4-9,-35°F,Slender pink/white spikes,Nutlets,"Spearmint; culinary herb, best grown in containers."
,Punica granatum,Shirobotan' Peach Flowered Pomegranate,Lythraceae,No (Asia),"6-20 ft tall, 4-15 ft wide",Medium,Full sun,Low to Moderate,Zone 8-11,15°F,Showy trumpet-shaped orange-red blooms,Large leathery edible fruit with juicy seeds,Pomegranate; Shirobotan is a peach-flowered ornamental variety.
,Salvia officinalis,Culinary Sage,Lamiaceae,No (Mediterranean),"1.5-2.5 ft tall, 2-3 ft wide",Medium,Full sun,Low to Moderate,Zone 4-10,-15°F,Bluish-lavender spikes in summer,Nutlets,Culinary Sage; grey-green aromatic leaves used in cooking.
,Tanacetum parthenium,Feverfew,Asteraceae,No (SW Asia/E Europe),"1-3 ft tall, 1-2 ft wide",Medium to Fast,Full sun to part shade,Moderate,Zone 5-8,-15°F,Small white daisy-like flowers with yellow centers,Achenes,Feverfew; medicinal herb used for migraines.
,Valeriana officinalis,Valerian,Caprifoliaceae,No (Europe/Asia),"3-5 ft tall, 2-4 ft wide",Medium to Fast,Full sun to part shade,Moderate,Zone 4-9,-15°F,Tiny fragrant white or pale pink umbels,Winged seeds,"Valerian; roots used as sedative, uniquely scented flowers."
,Verbascum chaixii,Mullein 'Wedding Candles',Scrophulariaceae,No (Europe),"2-3 ft tall, 1-2 ft wide",Moderate,Full sun,Low,Zone 5-9,-10°F,Spikes of yellow flowers with purple centers,Capsules,Nettle-leaved Mullein; Wedding Candles has pure white spikes.
,Vitis vinifera,Grape Vine,Vitaceae,No (Global Hybrid),20-30 ft (climbing vine),Fast,Full sun,Moderate (drought tolerant established),Zone 6-10,0°F to 10°F,Tiny greenish clusters,Grapes; edible fruit in large clusters,Grape Vine; Granache is a popular wine grape variety.
,,,,,,,,,,,,,
,,,,,,,,,,,,,
,,,,,,,,,,,,,
,,Succulent bowls,Various (Succulents),Varies,Varies by container,Moderate,Full sun to bright indirect light,Low (dry between waterings),Zone 9-11 (typically),32°F (protect from frost),Varies by species,Varies by species,Mixed succulent arrangements; require excellent drainage.
,Aeonium spp.,Aeonium,Crassulaceae,No (Canary Islands/Africa),1-3 ft tall depending on species,Moderate,Full sun to partial shade,"Low (winter grower, dry summer)",Zone 9-11,25°F to 30°F,Pyramidal clusters of small star flowers,N/A,Tree Houseleek; rosette-forming succulents on woody stems.
,Bulbine bulbosa,Bulbine,Asphodelaceae,No (Australia),"1-2 ft tall, 1 ft wide",Moderate,Full sun,Moderate,Zone 8-11,15°F,Fragrant yellow flowers with hairy stamens,Small capsules,Bulbine Lily; tufted grass-like succulent foliage.
,Cotyledon orbiculata,Lady Fingers,Crassulaceae,No (South Africa),"2-3 ft tall, 2 ft wide",Slow to Moderate,Full sun,Low,Zone 9-11,25°F,Pendent orange-red bell-shaped flowers,N/A,Pig's Ear; thick fleshy silver-grey leaves.
,Curio repens,Blue Chalksticks,Asteraceae,No (South Africa),"8-12 in tall, 2-3 ft spread",Slow (creeping),Full sun to partial shade,Low,Zone 9-11,25°F,Small white/pinkish pompom flowers,Achenes,Formerly Senecio serpens.
,Echeveria spp.,Echeveria,Crassulaceae,No (Mexico/Central America),4-12 in wide rosettes,Slow,Full sun to part shade,Low,Zone 9-11,25°F to 32°F,Arching stalks with pink/orange/yellow bells,N/A,Correct spelling is Echeveria.
,Echeveria spp.,Cubic Frost',Crassulaceae,No,6-8 in,Slow,Full sun to part shade,Low,Zone 9-11,30°F,Bell-shaped flowers,N/A,Uniquely ruffled silver-lilac leaves.
,Graptopetalum paraguayense,Ghost Plant,Crassulaceae,No (Mexico),"8-12 in tall, 2-3 ft spread",Vigorous,Full sun to light shade,Low,Zone 8-11,15°F to 20°F,Star-shaped white flowers with red spots,N/A,Also known as Mother-of-pearl-plant.
,Graptosedum x,Graptosedum 'California Sunset',Crassulaceae,No,6-12 in,Moderate,Full sun to light shade,Low,Zone 9-11,25°F,White flowers,N/A,Orange-pink foliage intensifies in sun.
,Graptosedum x,Ghosty',Crassulaceae,No,6-12 in,Moderate,Full sun to light shade,Low,Zone 9-11,25°F,Yellow flowers,N/A,"Pale grey-blue leaves, very hardy."
,Graptosedum x,Graptosedum 'Vera Higgins',Crassulaceae,No,6 in,Moderate,Full sun to light shade,Low,Zone 9-11,25°F,Yellow flowers,N/A,Deep reddish-bronze foliage.
,Sedum confusum,Mexican Stonecrop,Crassulaceae,No (Mexico),"6-12 in tall, spreads 2 ft",Moderate (mat-forming),Full sun to part shade,Low to Moderate,Zone 7-10,10°F,Bright yellow star-like clusters,N/A,"Mexican Stonecrop; glossy green leaves, very adaptable."
,Sedum rubrotinctum,Pork and Beans,Crassulaceae,No (Mexico Hybrid),"6-8 in tall, 1-2 ft spread",Moderate,Full sun,Low,Zone 9-11,20°F,Yellow star-shaped flowers,N/A,Pork and Beans; leaves turn bright red in sun/cool weather.
,Sedum telephium,'Autumn Joy' Sedum,Crassulaceae,No (Eurasia),1.5-2 ft tall and wide,Medium,Full sun,Low to Moderate,Zone 3-9,-20°F,Flat-topped rosy-pink clusters (Autumn Joy),Dry seed heads (provide winter interest),"Autumn Joy Sedum; drought tolerant, attracts butterflies."
,Eruca vesicaria,Uber,Brassicaceae,No (Mediterranean),1-2 ft tall,Fast (4-6 weeks to harvest),Full sun to part shade,Medium,Annual,25°F,Small white/yellow flowers,Seed pods (siliques),"Uber Arugula; peppery salad green, easy to grow."
,Blended Greens,Mesclun,Varies (Mixed),No (Provence Concept),2-6 in (harvested young),Fast,Full sun to part shade,Medium,Annual,28°F,N/A (harvested before bloom),N/A,Blended Greens; a mix of young lettuces and herbs.
,Brassica rapa (Chinensis Group),Joi Choi,Brassicaceae,No,1-2 ft,Fast,Full sun to part shade,Medium,Annual,25°F,Yellow,N/A,Bok Choy with heavy white stems.
,Brassica oleracea (Italica Group),Green Magic,Brassicaceae,No (Mediterranean),2-3 ft tall and wide,Fast (60-90 days),Full sun,Medium (prefers consistent moisture),Annual,25°F,Edible dark green heads; yellow flowers if bolted,Silique fruits,Green Magic Broccoli; highly heat tolerant variety.
,Brassica oleracea (Italica Group),Calabrese,Brassicaceae,No (Italy),"2-3 ft tall, 1-2 ft wide",Fast,Full sun,Medium,Annual,25°F,Edible green heads; yellow flowers if bolted,Silique fruits,Calabrese Broccoli; classic heirloom variety.
,Brassica oleracea (Italica Group),De Cicco,Brassicaceae,No,2-3 ft,Fast,Full sun,Medium,Annual,25°F,Green heads,N/A,Reliable heirloom broccoli.
,Brassica oleracea (Italica Group),Purple Sprouting,Brassicaceae,No (Europe),2-3 ft tall,Moderate,Full sun,Medium,Annual,15°F to 20°F,Small purple edible heads,N/A,Purple Sprouting Broccoli; extremely cold hardy.
,Brassica oleracea (Gemmifera Group),Rubine,Brassicaceae,No (Belgium/Mediterranean),2-3 ft tall,Slow (90-120 days),Full sun,Medium,Annual,20°F,Yellow flowers (if biennial),N/A,Rubine Brussels Sprouts; unique red/purple colored sprouts.
,Brassica oleracea (Gemmifera Group),Catskill,Brassicaceae,No (USA selection),2 ft tall,Moderate,Full sun,Medium,Annual,20°F,N/A,N/A,Catskill Brussels Sprouts; dwarf variety with large sprouts.
,Brassica oleracea (Gemmifera Group),Roodnerf,Brassicaceae,No,2-3 ft,Moderate,Full sun,Medium,Annual,20°F,N/A,N/A,Traditional Brussels Sprouts.
,Brassica oleracea (Gemmifera Group),Long Island,Brassicaceae,No (USA),2-3 ft tall,Moderate,Full sun,Medium,Annual,20°F,N/A,N/A,Long Island Improved Brussels Sprouts; heavy yielding variety.
,Brassica oleracea (Capitata Group),White Vienna Kohlrabi,Brassicaceae,No (Europe),1 ft tall,Fast (55-60 days),Full sun,Medium,Annual,25°F,N/A,N/A,White Vienna Kohlrabi; pale green bulbs with mild flavor.
,Brassica oleracea (Capitata Group),Red Acre,Brassicaceae,No (Europe),"1 ft tall, 1.5 ft wide",Moderate (75-100 days),Full sun,Medium,Annual,20°F,Yellow flowers (if bolted),N/A,"Red Acre Cabbage; compact heads, good for small gardens."
,Brassica oleracea (Capitata Group),Caraflex,Brassicaceae,No,1 ft,Moderate,Full sun,Medium,Annual,20°F,N/A,N/A,Pointed cabbage.
,Brassica oleracea (Capitata Group),Merlot Chinese,Brassicaceae,No (China),1-1.5 ft tall,Fast,Full sun to part shade,Medium,Annual,25°F,N/A,N/A,Merlot Chinese Cabbage; striking deep red/purple leaves.
,Brassica oleracea (Botrytis Group),Purple of Sicily,Brassicaceae,No (Italy),1.5-2 ft tall,Moderate (90 days),Full sun,Medium,Annual,25°F,Edible bright purple heads,N/A,Purple of Sicily Cauliflower; turns green when cooked.
,Brassica oleracea (Botrytis Group),Snow Crown,Brassicaceae,No,1.5-2 ft,Fast,Full sun,Medium,Annual,25°F,White heads,N/A,Hybrid cauliflower.
,Brassica oleracea (Botrytis Group),Amazing,Brassicaceae,No (Garden Hybrid),1.5-2 ft tall,Moderate (75 days),Full sun,Medium,Annual,25°F,Edible white heads,N/A,Amazing Cauliflower; great heat tolerance.
,Brassica oleracea (Botrytis Group),Romanseco,Brassicaceae,No,2 ft,Moderate,Full sun,Medium,Annual,25°F,Lime green heads,N/A,Geometric cauliflower.
,Brassica oleracea (Botrytis Group),Twister,Brassicaceae,No,1.5 ft,Moderate,Full sun,Medium,Annual,25°F,White heads,N/A,Self-wrapping cauliflower.
,Coriandrum sativum,Calypso,Apiaceae,No (Mediterranean),1-2 ft tall,Fast,Full sun to part shade,Medium,Annual,28°F,Tiny white/pink umbels,Coriander seeds,Calypso Cilantro; slow to bolt in hot weather.
,Brassica oleracea (Acephala Group),Vates,Brassicaceae,No (Mediterranean),2 ft tall,Moderate (75 days),Full sun,Medium,Annual,15°F,Yellow flowers (if biennial),N/A,Vates Collard Greens; classic bolt-resistant variety.
,Brassica oleracea (Acephala Group),Flash,Brassicaceae,No (Garden Hybrid),2 ft tall,Fast,Full sun,Medium,Annual,15°F,N/A,N/A,Flash Collard Greens; very fast-growing hybrid.
,Brassica oleracea (Acephala Group),Scarlet,Brassicaceae,No,2-3 ft,Moderate,Full sun,Medium,Annual,20°F,N/A,N/A,Curly purple kale.
,Brassica oleracea (Acephala Group),Winterbor,Brassicaceae,No,2-3 ft tall,Moderate,Full sun,Medium,Annual,20°F,N/A,N/A,"Winterbor Kale; very cold hardy, thick curly blue-green leaves."
,Brassica oleracea (Acephala Group),Red Russian,Brassicaceae,No,2 ft tall,Fast,Full sun,Medium,Annual,15°F,N/A,N/A,Red Russian Kale; flat oak-like leaves with purple veins.
,Brassica oleracea (Acephala Group),Crane Red Ornamental,Brassicaceae,No,1-2 ft,Moderate,Full sun,Medium,Annual,20°F,N/A,N/A,Ornamental kale.
,Brassica oleracea (Acephala Group),Dino,Brassicaceae,No,2-3 ft tall,Moderate,Full sun,Medium,Annual,20°F,N/A,N/A,"Dino (Lacinato) Kale; dark blue-green bumpy leaves, very nutritious."
,Lactuca sativa,Bibb Butterhead,Asteraceae,No,6-12 in,Fast,Full sun to part shade,Medium,Annual,28°F,N/A,N/A,Tender lettuce.
,Lactuca sativa,Black Seeded Simpson,Asteraceae,No,6-12 in tall/wide,Fast (45 days),Full sun to part shade,Medium,Annual,28°F,N/A,N/A,Black Seeded Simpson Lettuce; classic crinkled leaf variety.
,Lactuca sativa,Batavian Iceberg,Asteraceae,No,6-12 in,Fast,Full sun to part shade,Medium,Annual,28°F,N/A,N/A,Crisphead lettuce.
,Lactuca sativa,Red Romaine,Asteraceae,No,12 in,Fast,Full sun to part shade,Medium,Annual,28°F,N/A,N/A,Red leaf romaine.
,Lactuca sativa,Super Red Romaine,Asteraceae,No,12 in,Fast,Full sun to part shade,Medium,Annual,28°F,N/A,N/A,Deepest red romaine.
,Lactuca sativa,Drunken Woman Frizzy Headed,Asteraceae,No,6-12 in,Fast,Full sun to part shade,Medium,Annual,28°F,N/A,N/A,Unique Italian heirloom.
,Lactuca sativa,Buttercrunch Butterhead,Asteraceae,No,6-12 in,Fast,Full sun to part shade,Medium,Annual,28°F,N/A,N/A,Classic butterhead.
,Lactuca sativa,Paris Island Romaine,Asteraceae,No,12 in,Fast,Full sun to part shade,Medium,Annual,28°F,N/A,N/A,Reliable romaine.
,Lactuca sativa,Skyphos,Asteraceae,No,12 in,Fast,Full sun to part shade,Medium,Annual,28°F,N/A,N/A,Red butterhead.
,Mixed Greens,Elegant Greens,Mixed,No,Babyleaf,Fast,Full sun to part shade,Medium,Annual,28°F,N/A,N/A,Salad mix.
,Brassica juncea,Red Giant,Brassicaceae,No,1-1.5 ft,Fast,Full sun to part shade,Medium,Annual,20°F,N/A,N/A,Spicy mustard greens.
,Brassica juncea,Florida Broadleaf,Brassicaceae,No,1-1.5 ft,Fast,Full sun to part shade,Medium,Annual,20°F,N/A,N/A,Productive mustard greens.
,Petroselinum crispum,Moss Curled,Apiaceae,No,1 ft,Moderate,Full sun to part shade,Medium,Annual,15°F,N/A,N/A,Curly parsley.
,Petroselinum crispum,Giant of Italy,Apiaceae,No,1.5 ft,Moderate,Full sun to part shade,Medium,Annual,15°F,N/A,N/A,Flat leaf parsley.
,Spinacia oleracea,Bloomsdale,Amaranthaceae,No,1 ft,Fast,Full sun to part shade,Medium,Annual,15°F,N/A,N/A,Classic spinach.
,Spinacia oleracea,Sun Angel,Amaranthaceae,No,1 ft,Fast,Full sun to part shade,Medium,Annual,15°F,N/A,N/A,Heat tolerant spinach.
,Spinacia oleracea,Lizard,Amaranthaceae,No,1 ft,Fast,Full sun to part shade,Medium,Annual,15°F,N/A,N/A,Smooth leaf spinach.
,Spinacia oleracea,Red Snapper,Amaranthaceae,No,1 ft,Fast,Full sun to part shade,Medium,Annual,15°F,N/A,N/A,Red veined spinach.
,Beta vulgaris,Fordhook,Amaranthaceae,No,2 ft,Moderate,Full sun to part shade,Medium,Annual,20°F,N/A,N/A,Giant chard.
,Beta vulgaris,Rainbow,Amaranthaceae,No,1.5-2 ft,Moderate,Full sun to part shade,Medium,Annual,20°F,N/A,N/A,Multi-colored chard.
